name,category,why_summit_fits,public_contact_route,confidence,source_url
GL Assessment (a Renaissance Learning company),11+ test publisher,"Largest UK 11+ test publisher; could license or absorb a ready-made GL-style mock/question bank to expand its own practice-test offering",General enquiries contact form / admissions@gl-assessment.co.uk (public address for admissions queries — verify department before use),high,https://www.gl-assessment.co.uk/contact-us/
CGP Books,11+/GCSE publisher,"UK's best-known revision-guide publisher (used in 9/10 schools); runs a paid '11+ Online' digital arm that a question bank + working platform could extend",Public contact form on cgpbooks.co.uk (no direct email found),medium,https://www.cgpbooks.co.uk/
Bond 11+ (Oxford University Press),11+ publisher,"Second major 11+ practice-paper brand (note: NOT HarperCollins — corrected during this research); a digital mock platform is a natural bolt-on to its print series",OUP general enquiries / rights & permissions contact form,medium,https://global.oup.com/education/contact-us/
Collins 11+ (HarperCollins),11+ publisher,"HarperCollins' 11+ practice-paper imprint, competes directly with Bond and CGP; same rationale — a working online mock engine is complementary to a print-only range",Collins Education 'Contact Us' page,medium,https://collins.co.uk/pages/about-us-contact-us
Galore Park (Hodder Education / Hachette Learning),11+/13+ ISEB publisher,"Exclusive ISEB exam-paper distributor for independent-school entrance; a GL-style bank is a different market segment (state-sector 11+) it doesn't currently serve",Hodder Education contact form (Galore Park has no separate contact page),medium,https://www.galorepark.co.uk/
Hodder Education / Hachette Learning,UK education publishing group,"Parent group of Galore Park and (as of 2025) the former John Catt Educational; large enough to acquire a small digital asset outright rather than just license it",Hachette Learning / Hodder Education general enquiries,low-medium (broad group-level guess, not a named individual),https://hoddereducation.com/about-us
PiAcademy,11+ mock-exam + tutoring platform,"Direct competitor model — 20,000+ registered users taking GL/CEM/ISEB-style mocks online; could absorb Summit's question bank to widen subject/board coverage",Live chat / WhatsApp +44 7502 070595 / phone +44 (0)7586 485671 via piacademy.co.uk,high,https://piacademy.co.uk/
Exam Papers Plus (EPP),11+ practice-paper provider,"Practice papers, mark schemes, mock exams and video masterclasses — same product shape as Summit; a ready platform could shortcut its own digital-mocks roadmap",Contact form on exampapersplus.co.uk,medium (no direct email/phone captured),https://exampapersplus.co.uk/
11 Plus Guru (11plusguru.com),11+ practice-paper provider,"Established free/paid 11+ practice-paper site; a licensed or acquired question bank adds depth without in-house authoring cost",Contact form on 11plusguru.com,low-medium (not independently verified beyond search snippet),https://www.11plusguru.com/11-plus-practice-papers
The Exam Coach,11+ practice-paper + video-course provider,"School-specific free practice papers (seen for Queen Elizabeth's School, Barnet) plus paid courses — same audience Summit already serves via QE Barnet research",Contact form on theexamcoach.tv,low-medium,https://www.theexamcoach.tv/
Testbase (RM plc),school assessment question-bank platform,"12,000+ primary schools already use its national-curriculum question banks; an 11+-specific bank is adjacent, not owned by RM today",RM plc general enquiries / investor relations contact,medium,https://www.testbase.co.uk/about/
RM plc,UK edtech group (parent of Testbase),"Public UK edtech group with an assessment division; could evaluate Summit as a bolt-on acquisition for its Testbase question-bank business",RM plc corporate contact / investor relations page,low (group-level, not a named buyer contact),https://en.wikipedia.org/wiki/RM_plc
MyTutor,UK tutoring marketplace (acquired by IXL Learning, May 2025),"UK's largest tutoring marketplace (200k+ families, 40% of UK secondary schools); now backed by an active acquirer (IXL) explicitly looking for UK content/assessment depth",MyTutor 'partnerships' or press contact via mytutor.co.uk; IXL Learning press contact for group-level enquiries,high (deal itself verified; contact route not deal-tested),https://tech.eu/2025/05/29/ixl-learning-acquires-mytutor-to-expand-personalised-tutoring-footprint-in-the-uk/
IXL Learning,US edtech group actively acquiring UK companies,"Owns Wyzant, Rosetta Stone, TPT and (since 2025) MyTutor; publicly stated strategy is adding 'depth or geography' via acquisition — a UK 11+ content+platform asset fits that pattern directly",IXL Learning corporate/press contact (ixl.com); no UK-specific M&A contact found,medium (strategy well-evidenced; no named M&A contact),https://hyperexits.com/bridging-ai-and-human-tutoring-the-strategic-union-of-ixl-and-mytutor/
Tutorful,UK tutoring marketplace,"Sheffield-based, VC-funded ($10.8M raised) tutoring marketplace; a licensed mock-exam add-on could differentiate it from MyTutor/Owl Tutors",Contact form on tutorful.com,low-medium (funding figure from Tracxn, not company itself),https://tracxn.com/d/companies/tutorful/__QYulS0vPi8IMRZn1ei36TAk6byIe_epghjI_QU0sCZ8
Owl Tutors,UK tutoring marketplace,"London-based, teacher-vetted tutoring marketplace (~26 staff); smaller than MyTutor/Tutorful so a ready content asset is proportionately more valuable to it",owltutors.co.uk contact page,low-medium,https://owltutors.co.uk/
Discovery Education,US-backed global edtech group (active UK acquirer),"Bought DoodleLearning (UK primary maths/English app) in 2022, backed by Clearlake Capital — an active, well-funded acquirer of UK primary-age edtech content",Discovery Education corporate/press contact,medium (2022 deal verified; current appetite unconfirmed),https://www.discoveryeducation.com/details/discovery-education-acquires-doodlelearning/
DoodleLearning,UK primary maths/English app (now part of Discovery Education),"11-14 age overlap with DoodleMaths/English's older end; a verbal/non-verbal reasoning + English bank is content it doesn't currently have",Contact form on doodlelearning.com,low-medium,https://doodlelearning.com/
CENTURY Tech,UK AI-adaptive learning platform,"London-based; already partners with BBC Bitesize for content — shows willingness to bring in outside content rather than only build in-house",Contact form on century.tech,low-medium,https://www.century.tech/about-us/
Sparx Learning,UK maths/reading/science edtech group,"Exeter-based; has already acquired content businesses (HegartyMaths) rather than just building — an appetite for bolt-on content acquisitions is evidenced",Sparx Learning contact form,medium (HegartyMaths acquisition verified; general appetite inferred),https://www.cbinsights.com/compare/century-tech-vs-sparx-learning
Seneca Learning,UK homework/revision platform,"Covers 95%+ of mainstream UK exams (KS2-A-level) but not the 11+ niche specifically; a licensed question bank could round out its KS2 offer",Contact form on senecalearning.com,low-medium,https://www.cbinsights.com/company/seneca-learning/alternatives-competitors
Educake,UK formative-assessment/quiz platform,"Focus on instant-feedback quizzing and data-driven insight — same auto-marking mechanic Summit already built; could licence the engine or the question bank",Contact form on educake.co.uk,low (least-verified entry, general category match only),https://www.testbase.co.uk/question-banks/
Twinkl,UK edtech publisher/resource marketplace (~£100m turnover),"Huge resource marketplace already selling 11+ worksheets; could acquire or licence a structured, auto-marked mock-exam bank to sit above its downloadable worksheets",Twinkl 'partnerships' contact via twinkl.com,medium,https://www.insidermedia.com/news/yorkshire/milestone-year-for-educational-publisher-as-turnover-nears-100m-disney-partnership-set-to-support-further-growth
Letts (HarperCollins imprint),11+/KS2 revision-guide publisher,"Older, smaller 11+/SATs revision brand than Bond/Collins/CGP — plausibly more open to a bolt-on digital asset than the market leaders",HarperCollins general publisher contact (no separate Letts contact page found),low (ownership/status not independently re-verified this session),https://www.abebooks.com/9781844198436/Letts-Success-Practice-Test-Papers-184419843X/plp
Varsity Tutors (Nerdy Inc, US),US tutoring marketplace group with past UK acquisition history,"Bought UK's First Tutors in 2017 (since closed, 2025) — shows past appetite for UK tutoring assets; flagged weak since the UK entity it bought no longer trades",Varsity Tutors/Nerdy Inc investor relations / corporate contact,low (historical deal only; current UK appetite unconfirmed and the acquired entity has since shut down),https://latimertuition.com/ed-centre/tutors/first-tutors-closure/first-tutors-alternatives-uk-who-is-trying-to-fill-the-gap
