name,website,email_seen,contact_form_url,named_person,checked_url
Extra Tuition Centre,extratuition.com,,,,https://www.extratuition.com (no email shown; phone only; /contact ECONNRESET)
GLECTA Learning,glecta.com,,https://glecta.com/contact/apply | https://glecta.com/admissions-enquiry,,https://glecta.com/contact (3 emails masked by Cloudflare [email protected])
Sutton Tutorials,suttontutorials.co.uk,admin@suttontutorials.co.uk,,,https://suttontutorials.co.uk/contact
Educational Tutoring Services (ETS),tutoringservice.co.uk,info@tutoringservice.co.uk,https://www.tutoringservice.co.uk/contact-us/,,https://tutoringservice.co.uk
Einstein11Plus,einstein11plus.com,info@einstein11plus.com,,,https://www.einstein11plus.com
11 Plus Base,11plusbase.com,,form on page (no separate URL),Johirul (first name only),https://11plusbase.com (phone 07914 005 371 shown)
Quest for Exams,questforexams.co.uk,support@questforexams.co.uk,,,https://questforexams.co.uk
11 Plus Wirral,11pluswirral.com,enquiries@11pluswirral.com,https://11pluswirral.com/contact/,Wendy (first name only; tutor/owner implied),https://11pluswirral.com
Gurukul 11+,gurukul-11plus.co.uk,contact@gurukul.uk,,,https://gurukul-11plus.co.uk
Chuckra 11 Plus,11plus.co.uk,,https://www.11plus.co.uk/contact-us/,,https://www.11plus.co.uk/contact-us/ (no email shown; phone 020 8123 7911)
11 Plus CEM Academy,11pluscem.co.uk,,,,https://www.11pluscem.co.uk (BLOCKED: SSL error)
Eleven Plus Exams,elevenplusexams.co.uk,,,,https://www.elevenplusexams.co.uk/contact-us (BLOCKED: 403)
Profectus Tutoring,profectustutoring.co.uk,profectustutoring@outlook.com,https://forms.cloud.microsoft/Pages/ResponsePage.aspx?id=DQSIkWdsW0yxEjajBLZtrQAAAAAAAAAAAAO__cvvVHlUNzZRNjlVTklUWDNaSE5ZM1NINDRMTU9MUy4u,,https://profectustutoring.co.uk
Tutors Excel,tutors-excel.com,,https://www.tutors-excel.com/contact/,Marquise Skidmore (Principal),https://tutors-excel.com
Prep4All,prep4all.co.uk,contact@prep4all.co.uk | help@prep4all.co.uk,,,https://prep4all.co.uk
Life Changing Tuition,lifechangingtuition.com,admin@lifechangingtuition.com,,Faraz Ali (CEO),https://lifechangingtuition.com
11plusprepschool,11plusprepschool.co.uk,,https://www.11plusprepschool.co.uk/contact,,https://11plusprepschool.co.uk (phone 07736 252 419 shown)
Brilliant Tutors Academy,brilliant-tutors.co.uk,contact@brilliant-tutors.co.uk,https://brilliant-tutors.co.uk/enquiry,,https://brilliant-tutors.co.uk
11plustutoring.uk,11plustutoring.uk,,,,https://11plustutoring.uk (email masked by Cloudflare [email protected])
Leading Tuition,leadingtuition.co.uk,hello@leadingtuition.co.uk,,,http://www.leadingtuition.co.uk/
QS Learning,qslearning.co.uk,info@qslearning.co.uk,,,https://qslearning.co.uk
The Education Centre Liverpool,privatetuitionliverpool.com,,,,https://privatetuitionliverpool.com (page returned no content)
Accelerate Learning,alcentres.co.uk,info@alcentres.co.uk,,,https://alcentres.co.uk
11 Plus Tutors in Manchester,11plustutorsinmanchester.co.uk,,https://www.11plustutorsinmanchester.co.uk/contact,Christopher Niyazi (Curriculum Director) | Thomas Harnell (Director of English),https://11plustutorsinmanchester.co.uk
Prestige Tuition Centre,prestigetuition.co.uk,admin@prestigetuition.co.uk,,Bano (first name only; founder/primary tutor),https://prestigetuition.co.uk
First Class Learning,firstclasslearning.co.uk,hello@firstclasslearning.co.uk,,,http://www.firstclasslearning.co.uk/
11 Plus Teacher,11plusteacher.co.uk,,,,https://11plusteacher.co.uk (BLOCKED: 403)
Jane Beckett 11plustutor,11plustutor.me,,,,https://11plustutor.me (404)
Cohort Tuition,cohorttuition.co.uk,,,,https://cohorttuition.co.uk (BLOCKED: SSL error)
Regent Learning Centre,regentlearning.com,,,,https://regentlearning.com (page returned no content)
Harrow Tuition Centre,harrowtuitioncentre.co.uk,,,,https://harrowtuitioncentre.co.uk (page returned no content)
Advance Education Services,advanceeducation.co.uk,,,,https://advanceeducation.co.uk (no email/form shown; only placeholder-looking address)
Achieve Learning,achievelearning.co.uk,advantage@achievelearning.co.uk,,Firoz Jetha (founder),https://achievelearning.co.uk
Hatch End Tuition,hatchendtuition.co.uk,,,,https://hatchendtuition.co.uk (email masked by Cloudflare [email protected])
Test Teach,testteach.co.uk,,https://testteach.co.uk/contact-us/,,https://testteach.co.uk
House of Tutors,houseoftutors.co.uk,ask@houseoftutors.co.uk,https://houseoftutors.co.uk/enrolment-form,,https://houseoftutors.co.uk
The Learning Hub Group,thelearninghubgroup.co.uk,admin@tlhgroup.co.uk,,,https://thelearninghubgroup.co.uk
Excel Academy,excelacademy.org.uk,info@excelacademy.org.uk,,,https://excelacademy.org.uk
Pegasus Tutors,pegasustutors.co.uk,,https://pegasustutors.co.uk/contact,,https://pegasustutors.co.uk (no email shown)
Teachers To Your Home,teacherstoyourhome.com,,,,https://teacherstoyourhome.com (BLOCKED: 403)
Pre-Test.co.uk,pre-test.co.uk,,https://pre-test.co.uk/contact/,Andy Baines (BOFA Founder),https://pre-test.co.uk
SHLC Tutors,shlc-tutor.co.uk,,https://shlc-tutor.co.uk/pages/contact,,https://shlc-tutor.co.uk (WhatsApp 07763 664107 shown; Aadam Mulla is a tutor not confirmed decision-maker)
ElevenPlus Euphoria,11pluseuphoria.co.uk,11pluseuphoria@gmail.com,,,https://11pluseuphoria.co.uk
Mock Exam Centre,mockexamcentre.co.uk,,,,https://mockexamcentre.co.uk (no email/form shown; names not given)
ElevenPlus Genius,elevenplusgenius.co.uk,,,,https://elevenplusgenius.co.uk (no contact info shown)
