name,region,buyer_type,board,fit,website,source,notes
11 Plus Tutors in Essex,Chelmsford/Essex,tutor+mock provider,CSSE/CCHS-FSCE,A,11plustutorsinessex.co.uk,search+fetch,"Evidence: mocks are paper-only in Keene Hall Galleywood; results/marked papers returned BY POST; page says 'please also consider our online portal' = online delivery is an afterthought. URL: 11plustutorsinessex.co.uk/11plusmockexams/. FSCE Adventure/Beacon/Compass/Discovery formats = direct match to our FSCE sample"
Learning Plus Southend,Leigh-on-Sea/Southend Essex,tutor+mock provider,CSSE/FSCE,A,learningplussouthend.com,search+fetch,"Evidence: in-person mocks at Chalkwell Hall Junior; marked papers/results MAILED ~10 days later or Saturday collection; no online platform mentioned. Manual marking = auto-marking pitch"
11 Plus Pod,Southend/Rayleigh Essex,mock provider+tutor,CSSE/FSCE/King John,A,11pluspod.com,search+fetch,"Evidence: only 7 paper mock Sundays per year (GBP45 each); marked papers collected or posted a week later; 'members-intro' area exists but thin. URL: 11pluspod.com/11-plus-mock-exams. Content-hungry model"
11++tuition,Langley/Reading/Bucks/Slough,mock provider+tutor,GL/Quest/Reading boys,A,11plusplustuition.co.uk,search+fetch,"Evidence: hall-based mocks plus online overflow, own booking system (my.11plusplustuition.co.uk/bookings); explicitly runs Quest formats - matches new Quest sample. Reading/Slough/Bucks (Chris area for Bucks - check overlap before contact)"
Colin Arnold Tuition,Colchester/North Essex,solo tutor+paper writer,CSSE,B,colinarnoldtuition.com,search+fetch,"Evidence: page says he WRITES each CSSE English/maths mock himself and in-person mocks paused 2027 planning 3 mocks May-Jul 2028 = pain point is authoring time; small so low ticket but strong licensing story"
Skillplus Tuition,UK/London (CSSE),paper seller,CSSE,B,skillplustuition.com,search+fetch,"Evidence: sells downloadable PDF mock packs GBP10/paper or GBP25/3; hard copies by email request; no online test platform. URL: skillplustuition.com/category/past-mock-11-exam-papers. Registered co 14186552"
Kinetic Kids Academy,Bexley/Kent,new small centre,Bexley grammar/Kent,B,kinetickidsacademy.co.uk,search+fetch,"Evidence: 'New Venture' - Year 5 cohort launched Sept 2025 (full), Year 4 free trial Jan 2026, 12 spots/session, 'no screen time'; no mock exams or online system mentioned - obvious gap; overlaps 11plusprepschool Bexley Quest lead area. URL: kinetickidsacademy.co.uk/11-plus-tuition-tutor-in-bexley-year-4/"
School of Coding & AI (SOC Learning),Wolverhampton,centre,4-subject 11+,B,soclearning.com,search+fetch,"Evidence: centre-based 11+ mocks in person; separate 'Online 11+ Mock Exam' product suggests they want online delivery; GBP20-30/lesson. URL: soclearning.com/tuition/11-plus-tuition/11-plus-centre-based-mock-exams/"
North Finchley Tutors,North Finchley/Barnet London,tuition centre,independent+grammar,B,northfinchleytutors.co.uk,search,"Evidence: runs Saturday-morning 11+ mock exams for external Y5s plus Saturday School; posts in Facebook group as 'London's top rated 11+ centre' (facebook.com/groups/809368066265286). URL: northfinchleytutors.co.uk/11-plus-mock-exam/"
The Tutoring Company,Aylesbury/Luton/Slough,multi-centre tutor,11+ Bucks/Slough,B,thetutoringcompany.co.uk,search,"Evidence: 3 centres; 'targeted 11+ mock exams and booster courses'; Aylesbury = Bucks near Chris - check overlap"
Eleven Ace,UK online,online tutor,GL/independent,C,elevenace.com,search,"Says 'full mock tests' + online tutors; possible content buyer, likely has own; low evidence of need"
Eleven Plus Centre,Hounslow London,centre,independent/GL,C,elevenpluscentre.com,search,"Has own interactive learning portal with instant marking - competitor; only viable as content licensee"
Examberry,UK/Sutton/Tiffin/Slough,mock provider,SET/Tiffin/Slough,C,mocks.examberry.com,search,"Uses OCR software for MCQ marking + hand-marked papers by Oxbridge grads; established mock provider - competitor or partner"
11 Plus VIP,UK,tutor+mock seller,multi,C,11plusvip.com,search,"Sells practice papers, tuition and mocks; not fetched - verify"
Edgbaston Tuition Centre,Birmingham,centre,CEM/GL,C,edgbastontuition.com,search,"Has Mock 1 exam page (URL 404 on fetch - site may be being rebuilt; verify). Birmingham CEM/GL area"
AIM (Achieve Inspire Motivate) mocks,Kent,charity mock programme,Kent Test,C,aimkent.org.uk,search+fetch,"Charity 1167767; papers exclusively by Exam Papers Plus, in-person, scores emailed within 14 days, answer sheets POSTED; free to pupil-premium children. Partner-or-CSR route not sale"
Tutor World,Ashford/Canterbury/Folkestone/Maidstone Kent,multi-centre tutor,Kent Test,B,tutorworlduk.com,search+fetch,"Evidence: replica Kent Test mocks in 5 Kent sites; page gives NO delivery/marking method or online option. URL: tutorworlduk.com/mock-exams.html"
Chuckra Kent (Tonbridge) Test Centre,Tonbridge Kent,test centre operator,GL/ISEB/CEM/FSCE/CSSE,B,11plus.co.uk,search,"Open to anyone nationally starting Y6 Sept 2026/27, all boards; extends existing Chuckra lead (already in leads.csv) with a distinct hall-mock revenue line"
SGS PTA Mock Tests,Sutton,school PTA,SET/Sutton,C,sgsptamocktests.com,search,"PTA hall-based familiarisation tests; 2026 tests finished - not a commercial buyer, awareness only"
A Star Tuitions,UK,tuition company (TTA NTA26 sponsor),GCSE/11+,C,astartuitions.co.uk,fetch NTA26 sponsors,"Listed as sponsor of National Tutoring Awards 2026 (thetutorsassociation.org.uk/national-tutoring-awards-2026) - active, sector-engaged; no evidence of mock need"
Osbourne Cawkwell Tuition,UK,tuition company (NTA26 sponsor),multi,C,octuition.co.uk,fetch NTA26 sponsors,"NTA26 sponsor; sector-engaged; no need evidence"
Vanessa's Tutoring,UK,tuition company (NTA26 sponsor),multi,C,vanessastutoring.com,fetch NTA26 sponsors,"NTA26 sponsor; no need evidence"
That Tutor,UK,tuition company (NTA26 sponsor),multi,C,thattutor.uk,fetch NTA26 sponsors,"NTA26 sponsor; no need evidence"
Wonderlearn,UK,tuition company (NTA26 sponsor),primary/11+,C,wonderlearn.co.uk,fetch NTA26 sponsors,"NTA26 sponsor; verify 11+ offering"
National Learning Group,UK,tuition group (NTA26 sponsor),multi,C,nationallearninggroup.co.uk,fetch NTA26 sponsors,"NTA26 sponsor; larger group = more budget"
Our Future Tutoring,UK,tuition+CPD provider (NTA26 sponsor + TTA partner),GCSE/functional skills,C,ourfuturetutoring.com,fetch,"Sponsor and TTA partner; runs CPD so could be resource channel"
Manning Tutors,UK,tutor agency (NTA26 sponsor),multi,C,manningstutors.co.uk,fetch NTA26 sponsors,"NTA26 sponsor"
Get My Grades,UK,white-label education platform builder (TTA partner),GCSE/multi,B,getmygrades.co.uk,fetch TTA partners,"TTA partner offering 'custom education solutions and white-labelled platforms' - channel partner: they could resell/bundle mock bank to their tutor clients"
Tugo,UK,AI co-pilot for group tutors (TTA partner),multi,B,tugo.co.uk (verify),fetch TTA partners,"TTA partner: auto-marking + marketplace for group tutors - could list/buy mocks; verify domain. Partner or competitor"
Study Central,UK,online tuition materials (TTA partner),maths/English,B,verify domain,fetch TTA partners,"TTA partner selling online maths/English materials - possible content licensee"
Olivia Press,UK,11+/GCSE workbook publisher (TTA partner),11+,B,verify domain,fetch TTA partners,"'Exam Mastery Series' workbooks for 11+ and GCSE; publisher = licensing route for question banks"
TTA Regional Events 2026,UK regions,event/community,n/a,B,thetutorsassociation.org.uk/regional-events-2026,search,"FREE to attend for non-members; meet TTA President + tuition business leaders per region - warm-intro venue for pitching in person"
TTA Tuition Leadership Day 2026,London,event,n/a,C,thetutorsassociation.org.uk/tuition-leadership-day-2026,search,"Held 3 Jul 2026 (already past); 90 guests incl suppliers/platforms; watch for 2027 edition"
National Tutors Conference,UK,event,n/a,C,tutorsconference.co.uk,search,"2025 edition site found; check 2026/27 dates for exhibitor stand"
Maths Tutors UK (Facebook group),UK,community,n/a,C,facebook.com/groups/mathstutorsuk,search,"Community name only; group privacy status not verified; no specific post found asking for mocks"
National Tutors UK (Facebook group),UK,community,n/a,C,facebook.com/groups/NationalTutorsUK,search,"Community name only, appears to be tutor-finder group; privacy not verified"
